"stock","sector"
"A1CAP","BROKERAGE HOUSES"
"ACSEL","CHEMICALS, PETROLEUM RUBBER AND PLASTIC PRODUCTS"
"ADEL","OTHER MANUFACTURING INDUSTRY"
"ADESE","REAL ESTATE ACTIVITIES"
"ADGYO","REAL ESTATE INVESTMENT TRUSTS"
"AEFES","FOOD, BEVERAGE AND TOBACCO"
"AFYON","NON-METALLIC MINERAL PRODUCTS"
"AGESA","INSURANCE COMPANIES"
"AGHOL","HOLDING AND INVESTMENT COMPANIES"
"AGROT","AGRICULTURE, FORESTRY AND FISHING"
"AGYO","REAL ESTATE INVESTMENT TRUSTS"
"AHGAZ","ELECTRICITY GAS AND WATER"
"AHSGY","REAL ESTATE INVESTMENT TRUSTS"
"AKBNK","BANKS"
"AKCNS","NON-METALLIC MINERAL PRODUCTS"
"AKENR","ELECTRICITY GAS AND WATER"
"AKFGY","REAL ESTATE INVESTMENT TRUSTS"
"AKFIS","CONSTRUCTION AND PUBLIC WORKS"
"AKFYE","ELECTRICITY GAS AND WATER"
"AKGRT","INSURANCE COMPANIES"
"AKMGY","REAL ESTATE INVESTMENT TRUSTS"
"AKSA","CHEMICALS, PETROLEUM RUBBER AND PLASTIC PRODUCTS"
"AKSEN","ELECTRICITY GAS AND WATER"
"AKSGY","REAL ESTATE INVESTMENT TRUSTS"
"AKSUE","ELECTRICITY GAS AND WATER"
"AKYHO","HOLDING AND INVESTMENT COMPANIES"
"ALARK","HOLDING AND INVESTMENT COMPANIES"
"ALBRK","BANKS"
"ALCAR","FABRICATED METAL PRODUCTS MACHINERY ELECTRICAL EQUIPMENT AND TRANSPORTATION VEHICLES"
"ALCTL","TECHNOLOGY"
"ALFAS","ELECTRICITY GAS AND WATER"
"ALGYO","REAL ESTATE INVESTMENT TRUSTS"
"ALKA","PAPER AND PAPER PRODUCTS PRINTING"
"ALKIM","CHEMICALS, PETROLEUM RUBBER AND PLASTIC PRODUCTS"
"ALKLC","FOOD, BEVERAGE AND TOBACCO"
"ALTNY","TECHNOLOGY"
"ALVES","FABRICATED METAL PRODUCTS MACHINERY ELECTRICAL EQUIPMENT AND TRANSPORTATION VEHICLES"
"ANELE","CONSTRUCTION AND PUBLIC WORKS"
"ANGEN","CHEMICALS, PETROLEUM RUBBER AND PLASTIC PRODUCTS"
"ANHYT","INSURANCE COMPANIES"
"ANSGR","INSURANCE COMPANIES"
"ARASE","ELECTRICITY GAS AND WATER"
"ARCLK","FABRICATED METAL PRODUCTS MACHINERY ELECTRICAL EQUIPMENT AND TRANSPORTATION VEHICLES"
"ARDYZ","TECHNOLOGY"
"ARENA","TECHNOLOGY"
"ARMGD","FOOD, BEVERAGE AND TOBACCO"
"ARSAN","TEXTILE, WEARING APPAREL AND LEATHER"
"ARTMS","TEXTILE, WEARING APPAREL AND LEATHER"
"ARZUM","WHOLESALE AND RETAIL TRADE"
"ASELS","TECHNOLOGY"
"ASGYO","REAL ESTATE INVESTMENT TRUSTS"
"ASTOR","FABRICATED METAL PRODUCTS MACHINERY ELECTRICAL EQUIPMENT AND TRANSPORTATION VEHICLES"
"ASUZU","FABRICATED METAL PRODUCTS MACHINERY ELECTRICAL EQUIPMENT AND TRANSPORTATION VEHICLES"
"ATAGY","REAL ESTATE INVESTMENT TRUSTS"
"ATAKP","FOOD, BEVERAGE AND TOBACCO"
"ATATP","TECHNOLOGY"
"ATEKS","TEXTILE, WEARING APPAREL AND LEATHER"
"ATLAS","INVESTMENT TRUSTS"
"ATSYH","HOLDING AND INVESTMENT COMPANIES"
"AVGYO","REAL ESTATE INVESTMENT TRUSTS"
"AVHOL","HOLDING AND INVESTMENT COMPANIES"
"AVOD","FOOD, BEVERAGE AND TOBACCO"
"AVPGY","REAL ESTATE INVESTMENT TRUSTS"
"AVTUR","HOTELS AND RESTAURANTS"
"AYCES","HOTELS AND RESTAURANTS"
"AYDEM","ELECTRICITY GAS AND WATER"
"AYEN","ELECTRICITY GAS AND WATER"
"AYES","BASIC METAL"
"AYGAZ","CHEMICALS, PETROLEUM RUBBER AND PLASTIC PRODUCTS"
"AZTEK","TECHNOLOGY"
"BAGFS","CHEMICALS, PETROLEUM RUBBER AND PLASTIC PRODUCTS"
"BAHKM","CHEMICALS, PETROLEUM RUBBER AND PLASTIC PRODUCTS"
"BAKAB","PAPER AND PAPER PRODUCTS PRINTING"
"BALAT","FABRICATED METAL PRODUCTS MACHINERY ELECTRICAL EQUIPMENT AND TRANSPORTATION VEHICLES"
"BANVT","FOOD, BEVERAGE AND TOBACCO"
"BARMA","PAPER AND PAPER PRODUCTS PRINTING"
"BASCM","NON-METALLIC MINERAL PRODUCTS"
"BASGZ","REAL ESTATE INVESTMENT TRUSTS"
"BAYRK","CHEMICALS, PETROLEUM RUBBER AND PLASTIC PRODUCTS"
"BEGYO","REAL ESTATE INVESTMENT TRUSTS"
"BERA","HOLDING AND INVESTMENT COMPANIES"
"BEYAZ","TRANSPORTATION AND STORAGE"
"BFREN","FABRICATED METAL PRODUCTS MACHINERY ELECTRICAL EQUIPMENT AND TRANSPORTATION VEHICLES"
"BIENY","NON-METALLIC MINERAL PRODUCTS"
"BIGCH","HOTELS AND RESTAURANTS"
"BIMAS","WHOLESALE AND RETAIL TRADE"
"BINBN","TECHNOLOGY"
"BINHO","HOLDING AND INVESTMENT COMPANIES"
"BIOEN","ELECTRICITY GAS AND WATER"
"BIZIM","WHOLESALE AND RETAIL TRADE"
"BJKAS","EDUCATION HEALTH SPORTS AND ENTERTAINMENT SERVICES"
"BLCYT","TEXTILE, WEARING APPAREL AND LEATHER"
"BMSCH","BASIC METAL"
"BMSTL","BASIC METAL"
"BNTAS","FABRICATED METAL PRODUCTS MACHINERY ELECTRICAL EQUIPMENT AND TRANSPORTATION VEHICLES"
"BOBET","NON-METALLIC MINERAL PRODUCTS"
"BORLS","ADMINISTRATIVE AND SUPPORT SERVICE ACTIVITIES"
"BORSK","FOOD, BEVERAGE AND TOBACCO"
"BOSSA","TEXTILE, WEARING APPAREL AND LEATHER"
"BRISA","CHEMICALS, PETROLEUM RUBBER AND PLASTIC PRODUCTS"
"BRKO","TEXTILE, WEARING APPAREL AND LEATHER"
"BRKSN","CHEMICALS, PETROLEUM RUBBER AND PLASTIC PRODUCTS"
"BRKVY","ASSET MANAGEMENT COMPANIES"
"BRLSM","CONSTRUCTION AND PUBLIC WORKS"
"BRMEN","TEXTILE, WEARING APPAREL AND LEATHER"
"BRSAN","BASIC METAL"
"BRYAT","HOLDING AND INVESTMENT COMPANIES"
"BSOKE","NON-METALLIC MINERAL PRODUCTS"
"BTCIM","NON-METALLIC MINERAL PRODUCTS"
"BUCIM","NON-METALLIC MINERAL PRODUCTS"
"BURCE","BASIC METAL"
"BURVA","BASIC METAL"
"BVSAN","FABRICATED METAL PRODUCTS MACHINERY ELECTRICAL EQUIPMENT AND TRANSPORTATION VEHICLES"
"BYDNR","HOTELS AND RESTAURANTS"
"CANTE","ELECTRICITY GAS AND WATER"
"CASA","WHOLESALE AND RETAIL TRADE"
"CATES","ELECTRICITY GAS AND WATER"
"CCOLA","FOOD, BEVERAGE AND TOBACCO"
"CELHA","BASIC METAL"
"CEMAS","BASIC METAL"
"CEMTS","BASIC METAL"
"CEMZY","FOOD, BEVERAGE AND TOBACCO"
"CEOEM","ADMINISTRATIVE AND SUPPORT SERVICE ACTIVITIES"
"CGCAM","NON-METALLIC MINERAL PRODUCTS"
"CIMSA","NON-METALLIC MINERAL PRODUCTS"
"CLEBI","TRANSPORTATION AND STORAGE"
"CMBTN","NON-METALLIC MINERAL PRODUCTS"
"CMENT","NON-METALLIC MINERAL PRODUCTS"
"CONSE","ELECTRICITY GAS AND WATER"
"COSMO","HOLDING AND INVESTMENT COMPANIES"
"CRDFA","FINANCIAL LEASING AND FACTORING COMPANIES"
"CRFSA","WHOLESALE AND RETAIL TRADE"
"CUSAN","BASIC METAL"
"CVKMD","MINING AND QUARRYING"
"CWENE","ELECTRICITY GAS AND WATER"
"DAGHL","HOLDING AND INVESTMENT COMPANIES"
"DAGI","TEXTILE, WEARING APPAREL AND LEATHER"
"DAPGM","CONSTRUCTION AND PUBLIC WORKS"
"DARDL","FOOD, BEVERAGE AND TOBACCO"
"DCTTR","WHOLESALE AND RETAIL TRADE"
"DENGE","HOLDING AND INVESTMENT COMPANIES"
"DERHL","HOLDING AND INVESTMENT COMPANIES"
"DERIM","TEXTILE, WEARING APPAREL AND LEATHER"
"DESA","TEXTILE, WEARING APPAREL AND LEATHER"
"DESPC","TECHNOLOGY"
"DEVA","CHEMICALS, PETROLEUM RUBBER AND PLASTIC PRODUCTS"
"DGATE","TECHNOLOGY"
"DGGYO","REAL ESTATE INVESTMENT TRUSTS"
"DGNMO","WOOD PRODUCTS INCLUDING FURNITURE"
"DIRIT","TEXTILE, WEARING APPAREL AND LEATHER"
"DITAS","FABRICATED METAL PRODUCTS MACHINERY ELECTRICAL EQUIPMENT AND TRANSPORTATION VEHICLES"
"DMRGD","FOOD, BEVERAGE AND TOBACCO"
"DMSAS","BASIC METAL"
"DNISI","CHEMICALS, PETROLEUM RUBBER AND PLASTIC PRODUCTS"
"DOAS","WHOLESALE AND RETAIL TRADE"
"DOBUR","INFORMATION AND COMMUNICATION"
"DOCO","HOTELS AND RESTAURANTS"
"DOFER","BASIC METAL"
"DOGUB","NON-METALLIC MINERAL PRODUCTS"
"DOHOL","HOLDING AND INVESTMENT COMPANIES"
"DOKTA","BASIC METAL"
"DURDO","PAPER AND PAPER PRODUCTS PRINTING"
"DURKN","FOOD, BEVERAGE AND TOBACCO"
"DYOBY","CHEMICALS, PETROLEUM RUBBER AND PLASTIC PRODUCTS"
"DZGYO","REAL ESTATE INVESTMENT TRUSTS"
"EBEBK","WHOLESALE AND RETAIL TRADE"
"ECILC","HOLDING AND INVESTMENT COMPANIES"
"ECZYT","HOLDING AND INVESTMENT COMPANIES"
"EDATA","TECHNOLOGY"
"EDIP","CONSTRUCTION AND PUBLIC WORKS"
"EFORC","FOOD, BEVERAGE AND TOBACCO"
"EGEEN","FABRICATED METAL PRODUCTS MACHINERY ELECTRICAL EQUIPMENT AND TRANSPORTATION VEHICLES"
"EGEGY","REAL ESTATE INVESTMENT TRUSTS"
"EGEPO","EDUCATION HEALTH SPORTS AND ENTERTAINMENT SERVICES"
"EGGUB","CHEMICALS, PETROLEUM RUBBER AND PLASTIC PRODUCTS"
"EGPRO","CHEMICALS, PETROLEUM RUBBER AND PLASTIC PRODUCTS"
"EGSER","NON-METALLIC MINERAL PRODUCTS"
"EKGYO","REAL ESTATE INVESTMENT TRUSTS"
"EKIZ","FOOD, BEVERAGE AND TOBACCO"
"EKOS","FABRICATED METAL PRODUCTS MACHINERY ELECTRICAL EQUIPMENT AND TRANSPORTATION VEHICLES"
"EKSUN","FOOD, BEVERAGE AND TOBACCO"
"ELITE","FOOD, BEVERAGE AND TOBACCO"
"EMKEL","FABRICATED METAL PRODUCTS MACHINERY ELECTRICAL EQUIPMENT AND TRANSPORTATION VEHICLES"
"EMNIS","CHEMICALS, PETROLEUM RUBBER AND PLASTIC PRODUCTS"
"ENERY","ELECTRICITY GAS AND WATER"
"ENJSA","ELECTRICITY GAS AND WATER"
"ENKAI","CONSTRUCTION AND PUBLIC WORKS"
"ENSRI","TEXTILE, WEARING APPAREL AND LEATHER"
"ENTRA","ELECTRICITY GAS AND WATER"
"EPLAS","CHEMICALS, PETROLEUM RUBBER AND PLASTIC PRODUCTS"
"ERBOS","BASIC METAL"
"ERCB","BASIC METAL"
"EREGL","BASIC METAL"
"ERSU","FOOD, BEVERAGE AND TOBACCO"
"ESCAR","ADMINISTRATIVE AND SUPPORT SERVICE ACTIVITIES"
"ESCOM","TECHNOLOGY"
"ESEN","ELECTRICITY GAS AND WATER"
"ETILR","HOTELS AND RESTAURANTS"
"ETYAT","INVESTMENT TRUSTS"
"EUHOL","HOLDING AND INVESTMENT COMPANIES"
"EUKYO","INVESTMENT TRUSTS"
"EUPWR","FABRICATED METAL PRODUCTS MACHINERY ELECTRICAL EQUIPMENT AND TRANSPORTATION VEHICLES"
"EUREN","CHEMICALS, PETROLEUM RUBBER AND PLASTIC PRODUCTS"
"EUYO","INVESTMENT TRUSTS"
"EYGYO","REAL ESTATE INVESTMENT TRUSTS"
"FADE","FOOD, BEVERAGE AND TOBACCO"
"FENER","EDUCATION HEALTH SPORTS AND ENTERTAINMENT SERVICES"
"FLAP","ADMINISTRATIVE AND SUPPORT SERVICE ACTIVITIES"
"FMIZP","FABRICATED METAL PRODUCTS MACHINERY ELECTRICAL EQUIPMENT AND TRANSPORTATION VEHICLES"
"FONET","TECHNOLOGY"
"FORMT","FABRICATED METAL PRODUCTS MACHINERY ELECTRICAL EQUIPMENT AND TRANSPORTATION VEHICLES"
"FORTE","TECHNOLOGY"
"FRIGO","FOOD, BEVERAGE AND TOBACCO"
"FROTO","FABRICATED METAL PRODUCTS MACHINERY ELECTRICAL EQUIPMENT AND TRANSPORTATION VEHICLES"
"FZLGY","REAL ESTATE INVESTMENT TRUSTS"
"GARAN","BANKS"
"GARFA","FINANCIAL LEASING AND FACTORING COMPANIES"
"GEDIK","BROKERAGE HOUSES"
"GEDZA","CHEMICALS, PETROLEUM RUBBER AND PLASTIC PRODUCTS"
"GENIL","WHOLESALE AND RETAIL TRADE"
"GENTS","WOOD PRODUCTS INCLUDING FURNITURE"
"GEREL","FABRICATED METAL PRODUCTS MACHINERY ELECTRICAL EQUIPMENT AND TRANSPORTATION VEHICLES"
"GESAN","CONSTRUCTION AND PUBLIC WORKS"
"GIPTA","PAPER AND PAPER PRODUCTS PRINTING"
"GLBMD","BROKERAGE HOUSES"
"GLCVY","ASSET MANAGEMENT COMPANIES"
"GLRMK","CONSTRUCTION AND PUBLIC WORKS"
"GLRYH","HOLDING AND INVESTMENT COMPANIES"
"GLYHO","HOLDING AND INVESTMENT COMPANIES"
"GMTAS","WHOLESALE AND RETAIL TRADE"
"GOKNR","FOOD, BEVERAGE AND TOBACCO"
"GOLTS","NON-METALLIC MINERAL PRODUCTS"
"GOODY","CHEMICALS, PETROLEUM RUBBER AND PLASTIC PRODUCTS"
"GOZDE","VENTURE CAPITAL INVESTMENT TRUSTS"
"GRNYO","INVESTMENT TRUSTS"
"GRSEL","TRANSPORTATION AND STORAGE"
"GRTHO","HOLDING AND INVESTMENT COMPANIES"
"GSDDE","TRANSPORTATION AND STORAGE"
"GSDHO","HOLDING AND INVESTMENT COMPANIES"
"GSRAY","EDUCATION HEALTH SPORTS AND ENTERTAINMENT SERVICES"
"GUBRF","CHEMICALS, PETROLEUM RUBBER AND PLASTIC PRODUCTS"
"GUNDG","FOOD, BEVERAGE AND TOBACCO"
"GWIND","ELECTRICITY GAS AND WATER"
"GZNMI","ADMINISTRATIVE AND SUPPORT SERVICE ACTIVITIES"
"HALKB","BANKS"
"HATEK","TEXTILE, WEARING APPAREL AND LEATHER"
"HATSN","FABRICATED METAL PRODUCTS MACHINERY ELECTRICAL EQUIPMENT AND TRANSPORTATION VEHICLES"
"HDFGS","VENTURE CAPITAL INVESTMENT TRUSTS"
"HEDEF","HOLDING AND INVESTMENT COMPANIES"
"HEKTS","CHEMICALS, PETROLEUM RUBBER AND PLASTIC PRODUCTS"
"HKTM","FABRICATED METAL PRODUCTS MACHINERY ELECTRICAL EQUIPMENT AND TRANSPORTATION VEHICLES"
"HLGYO","REAL ESTATE INVESTMENT TRUSTS"
"HOROZ","TRANSPORTATION AND STORAGE"
"HRKET","TRANSPORTATION AND STORAGE"
"HTTBT","TECHNOLOGY"
"HUBVC","VENTURE CAPITAL INVESTMENT TRUSTS"
"HUNER","ELECTRICITY GAS AND WATER"
"HURGZ","INFORMATION AND COMMUNICATION"
"ICBCT","BANKS"
"ICUGS","VENTURE CAPITAL INVESTMENT TRUSTS"
"IDGYO","REAL ESTATE INVESTMENT TRUSTS"
"IEYHO","HOLDING AND INVESTMENT COMPANIES"
"IHAAS","INFORMATION AND COMMUNICATION"
"IHEVA","FABRICATED METAL PRODUCTS MACHINERY ELECTRICAL EQUIPMENT AND TRANSPORTATION VEHICLES"
"IHGZT","INFORMATION AND COMMUNICATION"
"IHLAS","HOLDING AND INVESTMENT COMPANIES"
"IHLGM","REAL ESTATE ACTIVITIES"
"IHYAY","HOLDING AND INVESTMENT COMPANIES"
"IMASM","FABRICATED METAL PRODUCTS MACHINERY ELECTRICAL EQUIPMENT AND TRANSPORTATION VEHICLES"
"INDES","TECHNOLOGY"
"INFO","BROKERAGE HOUSES"
"INGRM","TECHNOLOGY"
"INTEK","TECHNOLOGY"
"INTEM","WHOLESALE AND RETAIL TRADE"
"INVEO","HOLDING AND INVESTMENT COMPANIES"
"INVES","HOLDING AND INVESTMENT COMPANIES"
"IPEKE","MINING AND QUARRYING"
"ISBIR","HOLDING AND INVESTMENT COMPANIES"
"ISCTR","BANKS"
"ISDMR","BASIC METAL"
"ISFIN","FINANCIAL LEASING AND FACTORING COMPANIES"
"ISGSY","VENTURE CAPITAL INVESTMENT TRUSTS"
"ISGYO","REAL ESTATE INVESTMENT TRUSTS"
"ISKPL","CHEMICALS, PETROLEUM RUBBER AND PLASTIC PRODUCTS"
"ISMEN","BROKERAGE HOUSES"
"ISSEN","TEXTILE, WEARING APPAREL AND LEATHER"
"ISYAT","INVESTMENT TRUSTS"
"IZENR","ELECTRICITY GAS AND WATER"
"IZFAS","CHEMICALS, PETROLEUM RUBBER AND PLASTIC PRODUCTS"
"IZINV","AGRICULTURE, FORESTRY AND FISHING"
"IZMDC","BASIC METAL"
"JANTS","FABRICATED METAL PRODUCTS MACHINERY ELECTRICAL EQUIPMENT AND TRANSPORTATION VEHICLES"
"KAPLM","PAPER AND PAPER PRODUCTS PRINTING"
"KAREL","TECHNOLOGY"
"KARSN","FABRICATED METAL PRODUCTS MACHINERY ELECTRICAL EQUIPMENT AND TRANSPORTATION VEHICLES"
"KARTN","PAPER AND PAPER PRODUCTS PRINTING"
"KATMR","FABRICATED METAL PRODUCTS MACHINERY ELECTRICAL EQUIPMENT AND TRANSPORTATION VEHICLES"
"KAYSE","FOOD, BEVERAGE AND TOBACCO"
"KBORU","CHEMICALS, PETROLEUM RUBBER AND PLASTIC PRODUCTS"
"KCAER","BASIC METAL"
"KCHOL","HOLDING AND INVESTMENT COMPANIES"
"KENT","FOOD, BEVERAGE AND TOBACCO"
"KERVN","HOLDING AND INVESTMENT COMPANIES"
"KERVT","FOOD, BEVERAGE AND TOBACCO"
"KFEIN","TECHNOLOGY"
"KGYO","REAL ESTATE INVESTMENT TRUSTS"
"KIMMR","WHOLESALE AND RETAIL TRADE"
"KLGYO","REAL ESTATE INVESTMENT TRUSTS"
"KLKIM","NON-METALLIC MINERAL PRODUCTS"
"KLMSN","FABRICATED METAL PRODUCTS MACHINERY ELECTRICAL EQUIPMENT AND TRANSPORTATION VEHICLES"
"KLNMA","BANKS"
"KLRHO","HOLDING AND INVESTMENT COMPANIES"
"KLSER","NON-METALLIC MINERAL PRODUCTS"
"KLSYN","WOOD PRODUCTS INCLUDING FURNITURE"
"KMPUR","CHEMICALS, PETROLEUM RUBBER AND PLASTIC PRODUCTS"
"KNFRT","AGRICULTURE, FORESTRY AND FISHING"
"KOCMT","BASIC METAL"
"KONKA","PAPER AND PAPER PRODUCTS PRINTING"
"KONTR","PROFESSIONAL, SCIENTIFIC AND TECHNICAL ACTIVITIES"
"KONYA","NON-METALLIC MINERAL PRODUCTS"
"KOPOL","CHEMICALS, PETROLEUM RUBBER AND PLASTIC PRODUCTS"
"KORDS","TEXTILE, WEARING APPAREL AND LEATHER"
"KOTON","WHOLESALE AND RETAIL TRADE"
"KOZAA","MINING AND QUARRYING"
"KOZAL","MINING AND QUARRYING"
"KRDMD","BASIC METAL"
"KRGYO","REAL ESTATE INVESTMENT TRUSTS"
"KRONT","TECHNOLOGY"
"KRPLS","CHEMICALS, PETROLEUM RUBBER AND PLASTIC PRODUCTS"
"KRSTL","FOOD, BEVERAGE AND TOBACCO"
"KRTEK","TEXTILE, WEARING APPAREL AND LEATHER"
"KRVGD","FOOD, BEVERAGE AND TOBACCO"
"KSTUR","HOTELS AND RESTAURANTS"
"KTLEV","FINANCING COMPANIES"
"KTSKR","FOOD, BEVERAGE AND TOBACCO"
"KUTPO","NON-METALLIC MINERAL PRODUCTS"
"KUVVA","WHOLESALE AND RETAIL TRADE"
"KUYAS","CONSTRUCTION AND PUBLIC WORKS"
"KZBGY","REAL ESTATE INVESTMENT TRUSTS"
"KZGYO","REAL ESTATE INVESTMENT TRUSTS"
"LIDER","ADMINISTRATIVE AND SUPPORT SERVICE ACTIVITIES"
"LIDFA","FINANCIAL LEASING AND FACTORING COMPANIES"
"LILAK","PAPER AND PAPER PRODUCTS PRINTING"
"LINK","TECHNOLOGY"
"LKMNH","EDUCATION HEALTH SPORTS AND ENTERTAINMENT SERVICES"
"LMKDC","NON-METALLIC MINERAL PRODUCTS"
"LOGO","TECHNOLOGY"
"LRSHO","HOLDING AND INVESTMENT COMPANIES"
"LUKSK","TEXTILE, WEARING APPAREL AND LEATHER"
"LYDHO","HOLDING AND INVESTMENT COMPANIES"
"LYDYE","ELECTRICITY GAS AND WATER"
"MAALT","HOTELS AND RESTAURANTS"
"MACKO","EDUCATION HEALTH SPORTS AND ENTERTAINMENT SERVICES"
"MAGEN","ELECTRICITY GAS AND WATER"
"MAKIM","FABRICATED METAL PRODUCTS MACHINERY ELECTRICAL EQUIPMENT AND TRANSPORTATION VEHICLES"
"MAKTK","FABRICATED METAL PRODUCTS MACHINERY ELECTRICAL EQUIPMENT AND TRANSPORTATION VEHICLES"
"MANAS","TECHNOLOGY"
"MARBL","NON-METALLIC MINERAL PRODUCTS"
"MARKA","HOLDING AND INVESTMENT COMPANIES"
"MARTI","HOTELS AND RESTAURANTS"
"MAVI","WHOLESALE AND RETAIL TRADE"
"MEDTR","CHEMICALS, PETROLEUM RUBBER AND PLASTIC PRODUCTS"
"MEGAP","TEXTILE, WEARING APPAREL AND LEATHER"
"MEGMT","BASIC METAL"
"MEKAG","FABRICATED METAL PRODUCTS MACHINERY ELECTRICAL EQUIPMENT AND TRANSPORTATION VEHICLES"
"MEPET","WHOLESALE AND RETAIL TRADE"
"MERCN","CHEMICALS, PETROLEUM RUBBER AND PLASTIC PRODUCTS"
"MERIT","HOTELS AND RESTAURANTS"
"MERKO","FOOD, BEVERAGE AND TOBACCO"
"METRO","HOLDING AND INVESTMENT COMPANIES"
"METUR","HOLDING AND INVESTMENT COMPANIES"
"MGROS","WHOLESALE AND RETAIL TRADE"
"MHRGY","REAL ESTATE INVESTMENT TRUSTS"
"MIATK","TECHNOLOGY"
"MMCAS","HOLDING AND INVESTMENT COMPANIES"
"MNDRS","TEXTILE, WEARING APPAREL AND LEATHER"
"MNDTR","PAPER AND PAPER PRODUCTS PRINTING"
"MOBTL","TECHNOLOGY"
"MOGAN","ELECTRICITY GAS AND WATER"
"MPARK","EDUCATION HEALTH SPORTS AND ENTERTAINMENT SERVICES"
"MRGYO","REAL ESTATE INVESTMENT TRUSTS"
"MRSHL","CHEMICALS, PETROLEUM RUBBER AND PLASTIC PRODUCTS"
"MSGYO","REAL ESTATE INVESTMENT TRUSTS"
"MTRKS","TECHNOLOGY"
"MTRYO","INVESTMENT TRUSTS"
"MZHLD","HOLDING AND INVESTMENT COMPANIES"
"NATEN","ELECTRICITY GAS AND WATER"
"NETAS","TECHNOLOGY"
"NIBAS","NON-METALLIC MINERAL PRODUCTS"
"NTGAZ","ELECTRICITY GAS AND WATER"
"NTHOL","HOLDING AND INVESTMENT COMPANIES"
"NUGYO","REAL ESTATE INVESTMENT TRUSTS"
"NUHCM","NON-METALLIC MINERAL PRODUCTS"
"OBAMS","FOOD, BEVERAGE AND TOBACCO"
"OBASE","TECHNOLOGY"
"ODAS","ELECTRICITY GAS AND WATER"
"ODINE","TECHNOLOGY"
"OFSYM","FOOD, BEVERAGE AND TOBACCO"
"ONCSM","CHEMICALS, PETROLEUM RUBBER AND PLASTIC PRODUCTS"
"ONRYT","TECHNOLOGY"
"ORCAY","FOOD, BEVERAGE AND TOBACCO"
"ORGE","CONSTRUCTION AND PUBLIC WORKS"
"ORMA","WOOD PRODUCTS INCLUDING FURNITURE"
"OSMEN","BROKERAGE HOUSES"
"OSTIM","HOLDING AND INVESTMENT COMPANIES"
"OTKAR","FABRICATED METAL PRODUCTS MACHINERY ELECTRICAL EQUIPMENT AND TRANSPORTATION VEHICLES"
"OTTO","HOLDING AND INVESTMENT COMPANIES"
"OYAKC","NON-METALLIC MINERAL PRODUCTS"
"OYAYO","INVESTMENT TRUSTS"
"OYLUM","FOOD, BEVERAGE AND TOBACCO"
"OYYAT","BROKERAGE HOUSES"
"OZATD","FABRICATED METAL PRODUCTS MACHINERY ELECTRICAL EQUIPMENT AND TRANSPORTATION VEHICLES"
"OZGYO","REAL ESTATE INVESTMENT TRUSTS"
"OZKGY","REAL ESTATE INVESTMENT TRUSTS"
"OZRDN","CHEMICALS, PETROLEUM RUBBER AND PLASTIC PRODUCTS"
"OZSUB","AGRICULTURE, FORESTRY AND FISHING"
"OZYSR","BASIC METAL"
"PAGYO","REAL ESTATE INVESTMENT TRUSTS"
"PAMEL","ELECTRICITY GAS AND WATER"
"PAPIL","TECHNOLOGY"
"PARSN","FABRICATED METAL PRODUCTS MACHINERY ELECTRICAL EQUIPMENT AND TRANSPORTATION VEHICLES"
"PASEU","TRANSPORTATION AND STORAGE"
"PATEK","TECHNOLOGY"
"PCILT","PROFESSIONAL, SCIENTIFIC AND TECHNICAL ACTIVITIES"
"PEHOL","HOLDING AND INVESTMENT COMPANIES"
"PEKGY","REAL ESTATE INVESTMENT TRUSTS"
"PENGD","FOOD, BEVERAGE AND TOBACCO"
"PENTA","TECHNOLOGY"
"PETKM","CHEMICALS, PETROLEUM RUBBER AND PLASTIC PRODUCTS"
"PETUN","FOOD, BEVERAGE AND TOBACCO"
"PGSUS","TRANSPORTATION AND STORAGE"
"PINSU","FOOD, BEVERAGE AND TOBACCO"
"PKART","TECHNOLOGY"
"PKENT","HOTELS AND RESTAURANTS"
"PLTUR","ADMINISTRATIVE AND SUPPORT SERVICE ACTIVITIES"
"PNLSN","BASIC METAL"
"PNSUT","FOOD, BEVERAGE AND TOBACCO"
"POLHO","HOLDING AND INVESTMENT COMPANIES"
"POLTK","CHEMICALS, PETROLEUM RUBBER AND PLASTIC PRODUCTS"
"PRDGS","VENTURE CAPITAL INVESTMENT TRUSTS"
"PRKAB","FABRICATED METAL PRODUCTS MACHINERY ELECTRICAL EQUIPMENT AND TRANSPORTATION VEHICLES"
"PRKME","MINING AND QUARRYING"
"PRZMA","PAPER AND PAPER PRODUCTS PRINTING"
"PSDTC","WHOLESALE AND RETAIL TRADE"
"PSGYO","REAL ESTATE INVESTMENT TRUSTS"
"QNBFK","FINANCIAL LEASING AND FACTORING COMPANIES"
"QNBTR","BANKS"
"QUAGR","NON-METALLIC MINERAL PRODUCTS"
"RALYH","HOLDING AND INVESTMENT COMPANIES"
"RAYSG","INSURANCE COMPANIES"
"REEDR","TECHNOLOGY"
"RGYAS","REAL ESTATE ACTIVITIES"
"RNPOL","CHEMICALS, PETROLEUM RUBBER AND PLASTIC PRODUCTS"
"RODRG","TEXTILE, WEARING APPAREL AND LEATHER"
"ROYAL","TEXTILE, WEARING APPAREL AND LEATHER"
"RUBNS","TEXTILE, WEARING APPAREL AND LEATHER"
"RYGYO","REAL ESTATE INVESTMENT TRUSTS"
"RYSAS","TRANSPORTATION AND STORAGE"
"SAFKR","FABRICATED METAL PRODUCTS MACHINERY ELECTRICAL EQUIPMENT AND TRANSPORTATION VEHICLES"
"SAHOL","HOLDING AND INVESTMENT COMPANIES"
"SAMAT","PAPER AND PAPER PRODUCTS PRINTING"
"SANEL","CONSTRUCTION AND PUBLIC WORKS"
"SANFM","CHEMICALS, PETROLEUM RUBBER AND PLASTIC PRODUCTS"
"SANKO","WHOLESALE AND RETAIL TRADE"
"SARKY","BASIC METAL"
"SASA","CHEMICALS, PETROLEUM RUBBER AND PLASTIC PRODUCTS"
"SAYAS","FABRICATED METAL PRODUCTS MACHINERY ELECTRICAL EQUIPMENT AND TRANSPORTATION VEHICLES"
"SDTTR","TECHNOLOGY"
"SEGMN","FOOD, BEVERAGE AND TOBACCO"
"SEGYO","REAL ESTATE INVESTMENT TRUSTS"
"SEKFK","FINANCIAL LEASING AND FACTORING COMPANIES"
"SEKUR","CHEMICALS, PETROLEUM RUBBER AND PLASTIC PRODUCTS"
"SELEC","WHOLESALE AND RETAIL TRADE"
"SELGD","FOOD, BEVERAGE AND TOBACCO"
"SELVA","FOOD, BEVERAGE AND TOBACCO"
"SEYKM","CHEMICALS, PETROLEUM RUBBER AND PLASTIC PRODUCTS"
"SILVR","FABRICATED METAL PRODUCTS MACHINERY ELECTRICAL EQUIPMENT AND TRANSPORTATION VEHICLES"
"SISE","HOLDING AND INVESTMENT COMPANIES"
"SKBNK","BANKS"
"SKTAS","TEXTILE, WEARING APPAREL AND LEATHER"
"SKYLP","PROFESSIONAL, SCIENTIFIC AND TECHNICAL ACTIVITIES"
"SKYMD","BROKERAGE HOUSES"
"SMART","TECHNOLOGY"
"SMRTG","ELECTRICITY GAS AND WATER"
"SMRVA","ASSET MANAGEMENT COMPANIES"
"SNGYO","REAL ESTATE INVESTMENT TRUSTS"
"SNICA","FABRICATED METAL PRODUCTS MACHINERY ELECTRICAL EQUIPMENT AND TRANSPORTATION VEHICLES"
"SNKRN","ADMINISTRATIVE AND SUPPORT SERVICE ACTIVITIES"
"SNPAM","TEXTILE, WEARING APPAREL AND LEATHER"
"SODSN","CHEMICALS, PETROLEUM RUBBER AND PLASTIC PRODUCTS"
"SOKE","FOOD, BEVERAGE AND TOBACCO"
"SOKM","WHOLESALE AND RETAIL TRADE"
"SONME","REAL ESTATE ACTIVITIES"
"SRVGY","REAL ESTATE INVESTMENT TRUSTS"
"SUMAS","WOOD PRODUCTS INCLUDING FURNITURE"
"SUNTK","TEXTILE, WEARING APPAREL AND LEATHER"
"SURGY","REAL ESTATE INVESTMENT TRUSTS"
"SUWEN","WHOLESALE AND RETAIL TRADE"
"TABGD","HOTELS AND RESTAURANTS"
"TARKM","CHEMICALS, PETROLEUM RUBBER AND PLASTIC PRODUCTS"
"TATEN","ELECTRICITY GAS AND WATER"
"TATGD","FOOD, BEVERAGE AND TOBACCO"
"TAVHL","HOLDING AND INVESTMENT COMPANIES"
"TBORG","FOOD, BEVERAGE AND TOBACCO"
"TCELL","INFORMATION AND COMMUNICATION"
"TCKRC","BASIC METAL"
"TDGYO","REAL ESTATE INVESTMENT TRUSTS"
"TEKTU","HOTELS AND RESTAURANTS"
"TERA","BROKERAGE HOUSES"
"TEZOL","PAPER AND PAPER PRODUCTS PRINTING"
"TGSAS","WHOLESALE AND RETAIL TRADE"
"THYAO","TRANSPORTATION AND STORAGE"
"TKFEN","HOLDING AND INVESTMENT COMPANIES"
"TKNSA","WHOLESALE AND RETAIL TRADE"
"TLMAN","TRANSPORTATION AND STORAGE"
"TMPOL","CHEMICALS, PETROLEUM RUBBER AND PLASTIC PRODUCTS"
"TMSN","FABRICATED METAL PRODUCTS MACHINERY ELECTRICAL EQUIPMENT AND TRANSPORTATION VEHICLES"
"TNZTP","EDUCATION HEALTH SPORTS AND ENTERTAINMENT SERVICES"
"TOASO","FABRICATED METAL PRODUCTS MACHINERY ELECTRICAL EQUIPMENT AND TRANSPORTATION VEHICLES"
"TRCAS","HOLDING AND INVESTMENT COMPANIES"
"TRGYO","REAL ESTATE INVESTMENT TRUSTS"
"TRILC","CHEMICALS, PETROLEUM RUBBER AND PLASTIC PRODUCTS"
"TSGYO","REAL ESTATE INVESTMENT TRUSTS"
"TSKB","BANKS"
"TSPOR","EDUCATION HEALTH SPORTS AND ENTERTAINMENT SERVICES"
"TTKOM","INFORMATION AND COMMUNICATION"
"TTRAK","FABRICATED METAL PRODUCTS MACHINERY ELECTRICAL EQUIPMENT AND TRANSPORTATION VEHICLES"
"TUCLK","BASIC METAL"
"TUKAS","FOOD, BEVERAGE AND TOBACCO"
"TUPRS","CHEMICALS, PETROLEUM RUBBER AND PLASTIC PRODUCTS"
"TUREX","TRANSPORTATION AND STORAGE"
"TURGG","CONSTRUCTION AND PUBLIC WORKS"
"TURSG","INSURANCE COMPANIES"
"UFUK","HOLDING AND INVESTMENT COMPANIES"
"ULAS","HOTELS AND RESTAURANTS"
"ULKER","FOOD, BEVERAGE AND TOBACCO"
"ULUFA","FINANCIAL LEASING AND FACTORING COMPANIES"
"ULUSE","FABRICATED METAL PRODUCTS MACHINERY ELECTRICAL EQUIPMENT AND TRANSPORTATION VEHICLES"
"ULUUN","FOOD, BEVERAGE AND TOBACCO"
"UMPAS","HOLDING AND INVESTMENT COMPANIES"
"UNLU","HOLDING AND INVESTMENT COMPANIES"
"USAK","NON-METALLIC MINERAL PRODUCTS"
"VAKBN","BANKS"
"VAKFN","FINANCIAL LEASING AND FACTORING COMPANIES"
"VAKKO","WHOLESALE AND RETAIL TRADE"
"VANGD","FOOD, BEVERAGE AND TOBACCO"
"VBTYZ","TECHNOLOGY"
"VERTU","VENTURE CAPITAL INVESTMENT TRUSTS"
"VERUS","HOLDING AND INVESTMENT COMPANIES"
"VESBE","FABRICATED METAL PRODUCTS MACHINERY ELECTRICAL EQUIPMENT AND TRANSPORTATION VEHICLES"
"VESTL","FABRICATED METAL PRODUCTS MACHINERY ELECTRICAL EQUIPMENT AND TRANSPORTATION VEHICLES"
"VKFYO","INVESTMENT TRUSTS"
"VKGYO","REAL ESTATE INVESTMENT TRUSTS"
"VKING","PAPER AND PAPER PRODUCTS PRINTING"
"VRGYO","REAL ESTATE INVESTMENT TRUSTS"
"YAPRK","AGRICULTURE, FORESTRY AND FISHING"
"YATAS","TEXTILE, WEARING APPAREL AND LEATHER"
"YAYLA","CONSTRUCTION AND PUBLIC WORKS"
"YBTAS","NON-METALLIC MINERAL PRODUCTS"
"YEOTK","PROFESSIONAL, SCIENTIFIC AND TECHNICAL ACTIVITIES"
"YESIL","HOLDING AND INVESTMENT COMPANIES"
"YGGYO","REAL ESTATE INVESTMENT TRUSTS"
"YGYO","REAL ESTATE INVESTMENT TRUSTS"
"YIGIT","FABRICATED METAL PRODUCTS MACHINERY ELECTRICAL EQUIPMENT AND TRANSPORTATION VEHICLES"
"YKBNK","BANKS"
"YKSLN","BASIC METAL"
"YONGA","WOOD PRODUCTS INCLUDING FURNITURE"
"YUNSA","TEXTILE, WEARING APPAREL AND LEATHER"
"YYAPI","CONSTRUCTION AND PUBLIC WORKS"
"YYLGD","FOOD, BEVERAGE AND TOBACCO"
"ZEDUR","ELECTRICITY GAS AND WATER"
"ZOREN","ELECTRICITY GAS AND WATER"
"ZRGYO","REAL ESTATE INVESTMENT TRUSTS"
