"stock","subsector"
"AGROT","CROP AND ANIMAL PRODUCTION HUNTING AND RELATED SERVICE ACTIVITIES"
"IZINV","CROP AND ANIMAL PRODUCTION HUNTING AND RELATED SERVICE ACTIVITIES"
"KNFRT","CROP AND ANIMAL PRODUCTION HUNTING AND RELATED SERVICE ACTIVITIES"
"YAPRK","CROP AND ANIMAL PRODUCTION HUNTING AND RELATED SERVICE ACTIVITIES"
"OZSUB","FISHING AND FISHERIES"
"PRKME","MINING OF COAL AND LIGNITE"
"IPEKE","EXTRACTION OF CRUDE PETROLEUM AND NATURAL GAS"
"CVKMD","MINING OF METAL ORES"
"KOZAL","MINING OF METAL ORES"
"KOZAA","MINING OF METAL ORES"
"AVOD","FOOD, BEVERAGE AND TOBACCO"
"ALKLC","FOOD, BEVERAGE AND TOBACCO"
"AEFES","FOOD, BEVERAGE AND TOBACCO"
"ARMGD","FOOD, BEVERAGE AND TOBACCO"
"ATAKP","FOOD, BEVERAGE AND TOBACCO"
"BANVT","FOOD, BEVERAGE AND TOBACCO"
"KERVT","FOOD, BEVERAGE AND TOBACCO"
"BORSK","FOOD, BEVERAGE AND TOBACCO"
"CEMZY","FOOD, BEVERAGE AND TOBACCO"
"CCOLA","FOOD, BEVERAGE AND TOBACCO"
"DARDL","FOOD, BEVERAGE AND TOBACCO"
"DMRGD","FOOD, BEVERAGE AND TOBACCO"
"DURKN","FOOD, BEVERAGE AND TOBACCO"
"EFORC","FOOD, BEVERAGE AND TOBACCO"
"EKIZ","FOOD, BEVERAGE AND TOBACCO"
"EKSUN","FOOD, BEVERAGE AND TOBACCO"
"ELITE","FOOD, BEVERAGE AND TOBACCO"
"ERSU","FOOD, BEVERAGE AND TOBACCO"
"FADE","FOOD, BEVERAGE AND TOBACCO"
"FRIGO","FOOD, BEVERAGE AND TOBACCO"
"GOKNR","FOOD, BEVERAGE AND TOBACCO"
"GUNDG","FOOD, BEVERAGE AND TOBACCO"
"KAYSE","FOOD, BEVERAGE AND TOBACCO"
"KENT","FOOD, BEVERAGE AND TOBACCO"
"KRVGD","FOOD, BEVERAGE AND TOBACCO"
"KRSTL","FOOD, BEVERAGE AND TOBACCO"
"KTSKR","FOOD, BEVERAGE AND TOBACCO"
"MERKO","FOOD, BEVERAGE AND TOBACCO"
"OBAMS","FOOD, BEVERAGE AND TOBACCO"
"OFSYM","FOOD, BEVERAGE AND TOBACCO"
"ORCAY","FOOD, BEVERAGE AND TOBACCO"
"OYLUM","FOOD, BEVERAGE AND TOBACCO"
"PENGD","FOOD, BEVERAGE AND TOBACCO"
"PETUN","FOOD, BEVERAGE AND TOBACCO"
"PNSUT","FOOD, BEVERAGE AND TOBACCO"
"PINSU","FOOD, BEVERAGE AND TOBACCO"
"SEGMN","FOOD, BEVERAGE AND TOBACCO"
"SELGD","FOOD, BEVERAGE AND TOBACCO"
"SELVA","FOOD, BEVERAGE AND TOBACCO"
"SOKE","FOOD, BEVERAGE AND TOBACCO"
"TATGD","FOOD, BEVERAGE AND TOBACCO"
"TUKAS","FOOD, BEVERAGE AND TOBACCO"
"TBORG","FOOD, BEVERAGE AND TOBACCO"
"ULKER","FOOD, BEVERAGE AND TOBACCO"
"ULUUN","FOOD, BEVERAGE AND TOBACCO"
"VANGD","FOOD, BEVERAGE AND TOBACCO"
"YYLGD","FOOD, BEVERAGE AND TOBACCO"
"ATEKS","TEXTILE, WEARING APPAREL AND LEATHER"
"ARSAN","TEXTILE, WEARING APPAREL AND LEATHER"
"ARTMS","TEXTILE, WEARING APPAREL AND LEATHER"
"BLCYT","TEXTILE, WEARING APPAREL AND LEATHER"
"BRKO","TEXTILE, WEARING APPAREL AND LEATHER"
"BRMEN","TEXTILE, WEARING APPAREL AND LEATHER"
"BOSSA","TEXTILE, WEARING APPAREL AND LEATHER"
"DAGI","TEXTILE, WEARING APPAREL AND LEATHER"
"DERIM","TEXTILE, WEARING APPAREL AND LEATHER"
"DESA","TEXTILE, WEARING APPAREL AND LEATHER"
"DIRIT","TEXTILE, WEARING APPAREL AND LEATHER"
"ENSRI","TEXTILE, WEARING APPAREL AND LEATHER"
"HATEK","TEXTILE, WEARING APPAREL AND LEATHER"
"ISSEN","TEXTILE, WEARING APPAREL AND LEATHER"
"KRTEK","TEXTILE, WEARING APPAREL AND LEATHER"
"KORDS","TEXTILE, WEARING APPAREL AND LEATHER"
"LUKSK","TEXTILE, WEARING APPAREL AND LEATHER"
"MEGAP","TEXTILE, WEARING APPAREL AND LEATHER"
"MNDRS","TEXTILE, WEARING APPAREL AND LEATHER"
"RODRG","TEXTILE, WEARING APPAREL AND LEATHER"
"ROYAL","TEXTILE, WEARING APPAREL AND LEATHER"
"RUBNS","TEXTILE, WEARING APPAREL AND LEATHER"
"SKTAS","TEXTILE, WEARING APPAREL AND LEATHER"
"SNPAM","TEXTILE, WEARING APPAREL AND LEATHER"
"SUNTK","TEXTILE, WEARING APPAREL AND LEATHER"
"YATAS","TEXTILE, WEARING APPAREL AND LEATHER"
"YUNSA","TEXTILE, WEARING APPAREL AND LEATHER"
"DGNMO","WOOD PRODUCTS INCLUDING FURNITURE"
"GENTS","WOOD PRODUCTS INCLUDING FURNITURE"
"KLSYN","WOOD PRODUCTS INCLUDING FURNITURE"
"ORMA","WOOD PRODUCTS INCLUDING FURNITURE"
"SUMAS","WOOD PRODUCTS INCLUDING FURNITURE"
"YONGA","WOOD PRODUCTS INCLUDING FURNITURE"
"ALKA","PAPER AND PAPER PRODUCTS PRINTING"
"BAKAB","PAPER AND PAPER PRODUCTS PRINTING"
"BARMA","PAPER AND PAPER PRODUCTS PRINTING"
"DURDO","PAPER AND PAPER PRODUCTS PRINTING"
"TEZOL","PAPER AND PAPER PRODUCTS PRINTING"
"GIPTA","PAPER AND PAPER PRODUCTS PRINTING"
"KAPLM","PAPER AND PAPER PRODUCTS PRINTING"
"KARTN","PAPER AND PAPER PRODUCTS PRINTING"
"KONKA","PAPER AND PAPER PRODUCTS PRINTING"
"LILAK","PAPER AND PAPER PRODUCTS PRINTING"
"MNDTR","PAPER AND PAPER PRODUCTS PRINTING"
"PRZMA","PAPER AND PAPER PRODUCTS PRINTING"
"SAMAT","PAPER AND PAPER PRODUCTS PRINTING"
"VKING","PAPER AND PAPER PRODUCTS PRINTING"
"ACSEL","CHEMICALS, PETROLEUM RUBBER AND PLASTIC PRODUCTS"
"AKSA","CHEMICALS, PETROLEUM RUBBER AND PLASTIC PRODUCTS"
"ALKIM","CHEMICALS, PETROLEUM RUBBER AND PLASTIC PRODUCTS"
"ANGEN","CHEMICALS, PETROLEUM RUBBER AND PLASTIC PRODUCTS"
"AYGAZ","CHEMICALS, PETROLEUM RUBBER AND PLASTIC PRODUCTS"
"BAGFS","CHEMICALS, PETROLEUM RUBBER AND PLASTIC PRODUCTS"
"BAHKM","CHEMICALS, PETROLEUM RUBBER AND PLASTIC PRODUCTS"
"BAYRK","CHEMICALS, PETROLEUM RUBBER AND PLASTIC PRODUCTS"
"BRKSN","CHEMICALS, PETROLEUM RUBBER AND PLASTIC PRODUCTS"
"BRISA","CHEMICALS, PETROLEUM RUBBER AND PLASTIC PRODUCTS"
"DEVA","CHEMICALS, PETROLEUM RUBBER AND PLASTIC PRODUCTS"
"DNISI","CHEMICALS, PETROLEUM RUBBER AND PLASTIC PRODUCTS"
"DYOBY","CHEMICALS, PETROLEUM RUBBER AND PLASTIC PRODUCTS"
"EGGUB","CHEMICALS, PETROLEUM RUBBER AND PLASTIC PRODUCTS"
"EPLAS","CHEMICALS, PETROLEUM RUBBER AND PLASTIC PRODUCTS"
"EGPRO","CHEMICALS, PETROLEUM RUBBER AND PLASTIC PRODUCTS"
"EMNIS","CHEMICALS, PETROLEUM RUBBER AND PLASTIC PRODUCTS"
"EUREN","CHEMICALS, PETROLEUM RUBBER AND PLASTIC PRODUCTS"
"GEDZA","CHEMICALS, PETROLEUM RUBBER AND PLASTIC PRODUCTS"
"GOODY","CHEMICALS, PETROLEUM RUBBER AND PLASTIC PRODUCTS"
"GUBRF","CHEMICALS, PETROLEUM RUBBER AND PLASTIC PRODUCTS"
"HEKTS","CHEMICALS, PETROLEUM RUBBER AND PLASTIC PRODUCTS"
"ISKPL","CHEMICALS, PETROLEUM RUBBER AND PLASTIC PRODUCTS"
"IZFAS","CHEMICALS, PETROLEUM RUBBER AND PLASTIC PRODUCTS"
"KMPUR","CHEMICALS, PETROLEUM RUBBER AND PLASTIC PRODUCTS"
"KRPLS","CHEMICALS, PETROLEUM RUBBER AND PLASTIC PRODUCTS"
"KOPOL","CHEMICALS, PETROLEUM RUBBER AND PLASTIC PRODUCTS"
"KBORU","CHEMICALS, PETROLEUM RUBBER AND PLASTIC PRODUCTS"
"MRSHL","CHEMICALS, PETROLEUM RUBBER AND PLASTIC PRODUCTS"
"MEDTR","CHEMICALS, PETROLEUM RUBBER AND PLASTIC PRODUCTS"
"MERCN","CHEMICALS, PETROLEUM RUBBER AND PLASTIC PRODUCTS"
"ONCSM","CHEMICALS, PETROLEUM RUBBER AND PLASTIC PRODUCTS"
"OZRDN","CHEMICALS, PETROLEUM RUBBER AND PLASTIC PRODUCTS"
"PETKM","CHEMICALS, PETROLEUM RUBBER AND PLASTIC PRODUCTS"
"POLTK","CHEMICALS, PETROLEUM RUBBER AND PLASTIC PRODUCTS"
"RNPOL","CHEMICALS, PETROLEUM RUBBER AND PLASTIC PRODUCTS"
"SANFM","CHEMICALS, PETROLEUM RUBBER AND PLASTIC PRODUCTS"
"SASA","CHEMICALS, PETROLEUM RUBBER AND PLASTIC PRODUCTS"
"SEKUR","CHEMICALS, PETROLEUM RUBBER AND PLASTIC PRODUCTS"
"SEYKM","CHEMICALS, PETROLEUM RUBBER AND PLASTIC PRODUCTS"
"SODSN","CHEMICALS, PETROLEUM RUBBER AND PLASTIC PRODUCTS"
"TARKM","CHEMICALS, PETROLEUM RUBBER AND PLASTIC PRODUCTS"
"TMPOL","CHEMICALS, PETROLEUM RUBBER AND PLASTIC PRODUCTS"
"TUPRS","CHEMICALS, PETROLEUM RUBBER AND PLASTIC PRODUCTS"
"TRILC","CHEMICALS, PETROLEUM RUBBER AND PLASTIC PRODUCTS"
"AFYON","NON-METALLIC MINERAL PRODUCTS"
"AKCNS","NON-METALLIC MINERAL PRODUCTS"
"BASCM","NON-METALLIC MINERAL PRODUCTS"
"BTCIM","NON-METALLIC MINERAL PRODUCTS"
"BSOKE","NON-METALLIC MINERAL PRODUCTS"
"BIENY","NON-METALLIC MINERAL PRODUCTS"
"BOBET","NON-METALLIC MINERAL PRODUCTS"
"BUCIM","NON-METALLIC MINERAL PRODUCTS"
"CGCAM","NON-METALLIC MINERAL PRODUCTS"
"CMBTN","NON-METALLIC MINERAL PRODUCTS"
"CMENT","NON-METALLIC MINERAL PRODUCTS"
"CIMSA","NON-METALLIC MINERAL PRODUCTS"
"DOGUB","NON-METALLIC MINERAL PRODUCTS"
"EGSER","NON-METALLIC MINERAL PRODUCTS"
"GOLTS","NON-METALLIC MINERAL PRODUCTS"
"KLKIM","NON-METALLIC MINERAL PRODUCTS"
"KLSER","NON-METALLIC MINERAL PRODUCTS"
"KONYA","NON-METALLIC MINERAL PRODUCTS"
"KUTPO","NON-METALLIC MINERAL PRODUCTS"
"LMKDC","NON-METALLIC MINERAL PRODUCTS"
"NIBAS","NON-METALLIC MINERAL PRODUCTS"
"NUHCM","NON-METALLIC MINERAL PRODUCTS"
"OYAKC","NON-METALLIC MINERAL PRODUCTS"
"QUAGR","NON-METALLIC MINERAL PRODUCTS"
"MARBL","NON-METALLIC MINERAL PRODUCTS"
"USAK","NON-METALLIC MINERAL PRODUCTS"
"YBTAS","NON-METALLIC MINERAL PRODUCTS"
"AYES","BASIC METAL"
"BMSTL","BASIC METAL"
"BMSCH","BASIC METAL"
"BRSAN","BASIC METAL"
"BURCE","BASIC METAL"
"BURVA","BASIC METAL"
"CELHA","BASIC METAL"
"CEMAS","BASIC METAL"
"CEMTS","BASIC METAL"
"CUSAN","BASIC METAL"
"DMSAS","BASIC METAL"
"DOFER","BASIC METAL"
"DOKTA","BASIC METAL"
"ERBOS","BASIC METAL"
"ERCB","BASIC METAL"
"EREGL","BASIC METAL"
"ISDMR","BASIC METAL"
"IZMDC","BASIC METAL"
"KRDMD","BASIC METAL"
"TCKRC","BASIC METAL"
"KCAER","BASIC METAL"
"KOCMT","BASIC METAL"
"MEGMT","BASIC METAL"
"OZYSR","BASIC METAL"
"PNLSN","BASIC METAL"
"SARKY","BASIC METAL"
"TUCLK","BASIC METAL"
"YKSLN","BASIC METAL"
"ALCAR","FABRICATED METAL PRODUCTS MACHINERY ELECTRICAL EQUIPMENT AND TRANSPORTATION VEHICLES"
"ALVES","FABRICATED METAL PRODUCTS MACHINERY ELECTRICAL EQUIPMENT AND TRANSPORTATION VEHICLES"
"ASUZU","FABRICATED METAL PRODUCTS MACHINERY ELECTRICAL EQUIPMENT AND TRANSPORTATION VEHICLES"
"ARCLK","FABRICATED METAL PRODUCTS MACHINERY ELECTRICAL EQUIPMENT AND TRANSPORTATION VEHICLES"
"ASTOR","FABRICATED METAL PRODUCTS MACHINERY ELECTRICAL EQUIPMENT AND TRANSPORTATION VEHICLES"
"BALAT","FABRICATED METAL PRODUCTS MACHINERY ELECTRICAL EQUIPMENT AND TRANSPORTATION VEHICLES"
"BNTAS","FABRICATED METAL PRODUCTS MACHINERY ELECTRICAL EQUIPMENT AND TRANSPORTATION VEHICLES"
"BFREN","FABRICATED METAL PRODUCTS MACHINERY ELECTRICAL EQUIPMENT AND TRANSPORTATION VEHICLES"
"BVSAN","FABRICATED METAL PRODUCTS MACHINERY ELECTRICAL EQUIPMENT AND TRANSPORTATION VEHICLES"
"DITAS","FABRICATED METAL PRODUCTS MACHINERY ELECTRICAL EQUIPMENT AND TRANSPORTATION VEHICLES"
"EGEEN","FABRICATED METAL PRODUCTS MACHINERY ELECTRICAL EQUIPMENT AND TRANSPORTATION VEHICLES"
"EKOS","FABRICATED METAL PRODUCTS MACHINERY ELECTRICAL EQUIPMENT AND TRANSPORTATION VEHICLES"
"EMKEL","FABRICATED METAL PRODUCTS MACHINERY ELECTRICAL EQUIPMENT AND TRANSPORTATION VEHICLES"
"EUPWR","FABRICATED METAL PRODUCTS MACHINERY ELECTRICAL EQUIPMENT AND TRANSPORTATION VEHICLES"
"FMIZP","FABRICATED METAL PRODUCTS MACHINERY ELECTRICAL EQUIPMENT AND TRANSPORTATION VEHICLES"
"FROTO","FABRICATED METAL PRODUCTS MACHINERY ELECTRICAL EQUIPMENT AND TRANSPORTATION VEHICLES"
"FORMT","FABRICATED METAL PRODUCTS MACHINERY ELECTRICAL EQUIPMENT AND TRANSPORTATION VEHICLES"
"GEREL","FABRICATED METAL PRODUCTS MACHINERY ELECTRICAL EQUIPMENT AND TRANSPORTATION VEHICLES"
"HATSN","FABRICATED METAL PRODUCTS MACHINERY ELECTRICAL EQUIPMENT AND TRANSPORTATION VEHICLES"
"HKTM","FABRICATED METAL PRODUCTS MACHINERY ELECTRICAL EQUIPMENT AND TRANSPORTATION VEHICLES"
"IHEVA","FABRICATED METAL PRODUCTS MACHINERY ELECTRICAL EQUIPMENT AND TRANSPORTATION VEHICLES"
"IMASM","FABRICATED METAL PRODUCTS MACHINERY ELECTRICAL EQUIPMENT AND TRANSPORTATION VEHICLES"
"JANTS","FABRICATED METAL PRODUCTS MACHINERY ELECTRICAL EQUIPMENT AND TRANSPORTATION VEHICLES"
"KARSN","FABRICATED METAL PRODUCTS MACHINERY ELECTRICAL EQUIPMENT AND TRANSPORTATION VEHICLES"
"KATMR","FABRICATED METAL PRODUCTS MACHINERY ELECTRICAL EQUIPMENT AND TRANSPORTATION VEHICLES"
"KLMSN","FABRICATED METAL PRODUCTS MACHINERY ELECTRICAL EQUIPMENT AND TRANSPORTATION VEHICLES"
"MAKIM","FABRICATED METAL PRODUCTS MACHINERY ELECTRICAL EQUIPMENT AND TRANSPORTATION VEHICLES"
"MAKTK","FABRICATED METAL PRODUCTS MACHINERY ELECTRICAL EQUIPMENT AND TRANSPORTATION VEHICLES"
"MEKAG","FABRICATED METAL PRODUCTS MACHINERY ELECTRICAL EQUIPMENT AND TRANSPORTATION VEHICLES"
"OTKAR","FABRICATED METAL PRODUCTS MACHINERY ELECTRICAL EQUIPMENT AND TRANSPORTATION VEHICLES"
"OZATD","FABRICATED METAL PRODUCTS MACHINERY ELECTRICAL EQUIPMENT AND TRANSPORTATION VEHICLES"
"PARSN","FABRICATED METAL PRODUCTS MACHINERY ELECTRICAL EQUIPMENT AND TRANSPORTATION VEHICLES"
"SAFKR","FABRICATED METAL PRODUCTS MACHINERY ELECTRICAL EQUIPMENT AND TRANSPORTATION VEHICLES"
"SNICA","FABRICATED METAL PRODUCTS MACHINERY ELECTRICAL EQUIPMENT AND TRANSPORTATION VEHICLES"
"SAYAS","FABRICATED METAL PRODUCTS MACHINERY ELECTRICAL EQUIPMENT AND TRANSPORTATION VEHICLES"
"SILVR","FABRICATED METAL PRODUCTS MACHINERY ELECTRICAL EQUIPMENT AND TRANSPORTATION VEHICLES"
"TOASO","FABRICATED METAL PRODUCTS MACHINERY ELECTRICAL EQUIPMENT AND TRANSPORTATION VEHICLES"
"TMSN","FABRICATED METAL PRODUCTS MACHINERY ELECTRICAL EQUIPMENT AND TRANSPORTATION VEHICLES"
"PRKAB","FABRICATED METAL PRODUCTS MACHINERY ELECTRICAL EQUIPMENT AND TRANSPORTATION VEHICLES"
"TTRAK","FABRICATED METAL PRODUCTS MACHINERY ELECTRICAL EQUIPMENT AND TRANSPORTATION VEHICLES"
"ULUSE","FABRICATED METAL PRODUCTS MACHINERY ELECTRICAL EQUIPMENT AND TRANSPORTATION VEHICLES"
"VESBE","FABRICATED METAL PRODUCTS MACHINERY ELECTRICAL EQUIPMENT AND TRANSPORTATION VEHICLES"
"VESTL","FABRICATED METAL PRODUCTS MACHINERY ELECTRICAL EQUIPMENT AND TRANSPORTATION VEHICLES"
"YIGIT","FABRICATED METAL PRODUCTS MACHINERY ELECTRICAL EQUIPMENT AND TRANSPORTATION VEHICLES"
"ADEL","OTHER MANUFACTURING INDUSTRY"
"AHGAZ","ELECTRICITY GAS AND STEAM"
"AKENR","ELECTRICITY GAS AND STEAM"
"AKFYE","ELECTRICITY GAS AND STEAM"
"AKSEN","ELECTRICITY GAS AND STEAM"
"AKSUE","ELECTRICITY GAS AND STEAM"
"ALFAS","ELECTRICITY GAS AND STEAM"
"AYDEM","ELECTRICITY GAS AND STEAM"
"AYEN","ELECTRICITY GAS AND STEAM"
"BIOEN","ELECTRICITY GAS AND STEAM"
"CANTE","ELECTRICITY GAS AND STEAM"
"CATES","ELECTRICITY GAS AND STEAM"
"CONSE","ELECTRICITY GAS AND STEAM"
"CWENE","ELECTRICITY GAS AND STEAM"
"ARASE","ELECTRICITY GAS AND STEAM"
"ENJSA","ELECTRICITY GAS AND STEAM"
"ENERY","ELECTRICITY GAS AND STEAM"
"ESEN","ELECTRICITY GAS AND STEAM"
"GWIND","ELECTRICITY GAS AND STEAM"
"HUNER","ELECTRICITY GAS AND STEAM"
"ENTRA","ELECTRICITY GAS AND STEAM"
"IZENR","ELECTRICITY GAS AND STEAM"
"LYDYE","ELECTRICITY GAS AND STEAM"
"MAGEN","ELECTRICITY GAS AND STEAM"
"MOGAN","ELECTRICITY GAS AND STEAM"
"NTGAZ","ELECTRICITY GAS AND STEAM"
"NATEN","ELECTRICITY GAS AND STEAM"
"ODAS","ELECTRICITY GAS AND STEAM"
"PAMEL","ELECTRICITY GAS AND STEAM"
"SMRTG","ELECTRICITY GAS AND STEAM"
"TATEN","ELECTRICITY GAS AND STEAM"
"ZEDUR","ELECTRICITY GAS AND STEAM"
"ZOREN","ELECTRICITY GAS AND STEAM"
"AKFIS","CONSTRUCTION AND PUBLIC WORKS"
"ANELE","CONSTRUCTION AND PUBLIC WORKS"
"BRLSM","CONSTRUCTION AND PUBLIC WORKS"
"DAPGM","CONSTRUCTION AND PUBLIC WORKS"
"EDIP","CONSTRUCTION AND PUBLIC WORKS"
"ENKAI","CONSTRUCTION AND PUBLIC WORKS"
"GESAN","CONSTRUCTION AND PUBLIC WORKS"
"GLRMK","CONSTRUCTION AND PUBLIC WORKS"
"KUYAS","CONSTRUCTION AND PUBLIC WORKS"
"ORGE","CONSTRUCTION AND PUBLIC WORKS"
"SANEL","CONSTRUCTION AND PUBLIC WORKS"
"TURGG","CONSTRUCTION AND PUBLIC WORKS"
"YAYLA","CONSTRUCTION AND PUBLIC WORKS"
"YYAPI","CONSTRUCTION AND PUBLIC WORKS"
"ARZUM","WHOLESALE TRADE"
"DCTTR","WHOLESALE TRADE"
"DOAS","WHOLESALE TRADE"
"GENIL","WHOLESALE TRADE"
"INTEM","WHOLESALE TRADE"
"KUVVA","WHOLESALE TRADE"
"PSDTC","WHOLESALE TRADE"
"SANKO","WHOLESALE TRADE"
"SELEC","WHOLESALE TRADE"
"TGSAS","WHOLESALE TRADE"
"BIMAS","CONSUMER TRADE"
"BIZIM","CONSUMER TRADE"
"CRFSA","CONSUMER TRADE"
"CASA","CONSUMER TRADE"
"EBEBK","CONSUMER TRADE"
"KIMMR","CONSUMER TRADE"
"GMTAS","CONSUMER TRADE"
"KOTON","CONSUMER TRADE"
"MAVI","CONSUMER TRADE"
"MEPET","CONSUMER TRADE"
"MGROS","CONSUMER TRADE"
"SOKM","CONSUMER TRADE"
"SUWEN","CONSUMER TRADE"
"TKNSA","CONSUMER TRADE"
"VAKKO","CONSUMER TRADE"
"BEYAZ","TRANSPORTATION AND STORAGE"
"CLEBI","TRANSPORTATION AND STORAGE"
"GSDDE","TRANSPORTATION AND STORAGE"
"GRSEL","TRANSPORTATION AND STORAGE"
"HRKET","TRANSPORTATION AND STORAGE"
"HOROZ","TRANSPORTATION AND STORAGE"
"PASEU","TRANSPORTATION AND STORAGE"
"PGSUS","TRANSPORTATION AND STORAGE"
"RYSAS","TRANSPORTATION AND STORAGE"
"TLMAN","TRANSPORTATION AND STORAGE"
"TUREX","TRANSPORTATION AND STORAGE"
"THYAO","TRANSPORTATION AND STORAGE"
"KTLEV","FINANCING COMPANIES"
"BRKVY","ASSET MANAGEMENT COMPANIES"
"GLCVY","ASSET MANAGEMENT COMPANIES"
"SMRVA","ASSET MANAGEMENT COMPANIES"
"AKBNK","BANKS"
"ALBRK","BANKS"
"ICBCT","BANKS"
"QNBTR","BANKS"
"SKBNK","BANKS"
"GARAN","BANKS"
"HALKB","BANKS"
"ISCTR","BANKS"
"KLNMA","BANKS"
"TSKB","BANKS"
"VAKBN","BANKS"
"YKBNK","BANKS"
"AGESA","INSURANCE COMPANIES"
"AKGRT","INSURANCE COMPANIES"
"ANSGR","INSURANCE COMPANIES"
"ANHYT","INSURANCE COMPANIES"
"RAYSG","INSURANCE COMPANIES"
"TURSG","INSURANCE COMPANIES"
"CRDFA","FINANCIAL LEASING AND FACTORING COMPANIES"
"GARFA","FINANCIAL LEASING AND FACTORING COMPANIES"
"ISFIN","FINANCIAL LEASING AND FACTORING COMPANIES"
"LIDFA","FINANCIAL LEASING AND FACTORING COMPANIES"
"QNBFK","FINANCIAL LEASING AND FACTORING COMPANIES"
"SEKFK","FINANCIAL LEASING AND FACTORING COMPANIES"
"ULUFA","FINANCIAL LEASING AND FACTORING COMPANIES"
"VAKFN","FINANCIAL LEASING AND FACTORING COMPANIES"
"BINHO","HOLDING AND INVESTMENT COMPANIES"
"AGHOL","HOLDING AND INVESTMENT COMPANIES"
"AKYHO","HOLDING AND INVESTMENT COMPANIES"
"ALARK","HOLDING AND INVESTMENT COMPANIES"
"ATSYH","HOLDING AND INVESTMENT COMPANIES"
"AVHOL","HOLDING AND INVESTMENT COMPANIES"
"BERA","HOLDING AND INVESTMENT COMPANIES"
"BRYAT","HOLDING AND INVESTMENT COMPANIES"
"COSMO","HOLDING AND INVESTMENT COMPANIES"
"DAGHL","HOLDING AND INVESTMENT COMPANIES"
"DENGE","HOLDING AND INVESTMENT COMPANIES"
"DERHL","HOLDING AND INVESTMENT COMPANIES"
"DOHOL","HOLDING AND INVESTMENT COMPANIES"
"ECZYT","HOLDING AND INVESTMENT COMPANIES"
"ECILC","HOLDING AND INVESTMENT COMPANIES"
"EUHOL","HOLDING AND INVESTMENT COMPANIES"
"GLYHO","HOLDING AND INVESTMENT COMPANIES"
"GRTHO","HOLDING AND INVESTMENT COMPANIES"
"GSDHO","HOLDING AND INVESTMENT COMPANIES"
"GLRYH","HOLDING AND INVESTMENT COMPANIES"
"SAHOL","HOLDING AND INVESTMENT COMPANIES"
"HEDEF","HOLDING AND INVESTMENT COMPANIES"
"IHLAS","HOLDING AND INVESTMENT COMPANIES"
"IHYAY","HOLDING AND INVESTMENT COMPANIES"
"INVEO","HOLDING AND INVESTMENT COMPANIES"
"INVES","HOLDING AND INVESTMENT COMPANIES"
"ISBIR","HOLDING AND INVESTMENT COMPANIES"
"IEYHO","HOLDING AND INVESTMENT COMPANIES"
"KERVN","HOLDING AND INVESTMENT COMPANIES"
"KLRHO","HOLDING AND INVESTMENT COMPANIES"
"KCHOL","HOLDING AND INVESTMENT COMPANIES"
"LRSHO","HOLDING AND INVESTMENT COMPANIES"
"LYDHO","HOLDING AND INVESTMENT COMPANIES"
"MARKA","HOLDING AND INVESTMENT COMPANIES"
"MZHLD","HOLDING AND INVESTMENT COMPANIES"
"METUR","HOLDING AND INVESTMENT COMPANIES"
"METRO","HOLDING AND INVESTMENT COMPANIES"
"MMCAS","HOLDING AND INVESTMENT COMPANIES"
"NTHOL","HOLDING AND INVESTMENT COMPANIES"
"OSTIM","HOLDING AND INVESTMENT COMPANIES"
"OTTO","HOLDING AND INVESTMENT COMPANIES"
"PEHOL","HOLDING AND INVESTMENT COMPANIES"
"POLHO","HOLDING AND INVESTMENT COMPANIES"
"RALYH","HOLDING AND INVESTMENT COMPANIES"
"TAVHL","HOLDING AND INVESTMENT COMPANIES"
"TKFEN","HOLDING AND INVESTMENT COMPANIES"
"TRCAS","HOLDING AND INVESTMENT COMPANIES"
"SISE","HOLDING AND INVESTMENT COMPANIES"
"UFUK","HOLDING AND INVESTMENT COMPANIES"
"UMPAS","HOLDING AND INVESTMENT COMPANIES"
"UNLU","HOLDING AND INVESTMENT COMPANIES"
"VERUS","HOLDING AND INVESTMENT COMPANIES"
"YESIL","HOLDING AND INVESTMENT COMPANIES"
"A1CAP","BROKERAGE HOUSES"
"GEDIK","BROKERAGE HOUSES"
"GLBMD","BROKERAGE HOUSES"
"INFO","BROKERAGE HOUSES"
"ISMEN","BROKERAGE HOUSES"
"OSMEN","BROKERAGE HOUSES"
"OYYAT","BROKERAGE HOUSES"
"SKYMD","BROKERAGE HOUSES"
"TERA","BROKERAGE HOUSES"
"ADGYO","REAL ESTATE INVESTMENT TRUSTS"
"AHSGY","REAL ESTATE INVESTMENT TRUSTS"
"AKFGY","REAL ESTATE INVESTMENT TRUSTS"
"AKSGY","REAL ESTATE INVESTMENT TRUSTS"
"AKMGY","REAL ESTATE INVESTMENT TRUSTS"
"ALGYO","REAL ESTATE INVESTMENT TRUSTS"
"ASGYO","REAL ESTATE INVESTMENT TRUSTS"
"ATAGY","REAL ESTATE INVESTMENT TRUSTS"
"AGYO","REAL ESTATE INVESTMENT TRUSTS"
"AVGYO","REAL ESTATE INVESTMENT TRUSTS"
"AVPGY","REAL ESTATE INVESTMENT TRUSTS"
"BASGZ","REAL ESTATE INVESTMENT TRUSTS"
"BEGYO","REAL ESTATE INVESTMENT TRUSTS"
"DZGYO","REAL ESTATE INVESTMENT TRUSTS"
"DGGYO","REAL ESTATE INVESTMENT TRUSTS"
"EGEGY","REAL ESTATE INVESTMENT TRUSTS"
"EKGYO","REAL ESTATE INVESTMENT TRUSTS"
"EYGYO","REAL ESTATE INVESTMENT TRUSTS"
"FZLGY","REAL ESTATE INVESTMENT TRUSTS"
"HLGYO","REAL ESTATE INVESTMENT TRUSTS"
"IDGYO","REAL ESTATE INVESTMENT TRUSTS"
"ISGYO","REAL ESTATE INVESTMENT TRUSTS"
"KLGYO","REAL ESTATE INVESTMENT TRUSTS"
"KZBGY","REAL ESTATE INVESTMENT TRUSTS"
"KGYO","REAL ESTATE INVESTMENT TRUSTS"
"KRGYO","REAL ESTATE INVESTMENT TRUSTS"
"KZGYO","REAL ESTATE INVESTMENT TRUSTS"
"MRGYO","REAL ESTATE INVESTMENT TRUSTS"
"MHRGY","REAL ESTATE INVESTMENT TRUSTS"
"MSGYO","REAL ESTATE INVESTMENT TRUSTS"
"NUGYO","REAL ESTATE INVESTMENT TRUSTS"
"OZKGY","REAL ESTATE INVESTMENT TRUSTS"
"OZGYO","REAL ESTATE INVESTMENT TRUSTS"
"PAGYO","REAL ESTATE INVESTMENT TRUSTS"
"PSGYO","REAL ESTATE INVESTMENT TRUSTS"
"PEKGY","REAL ESTATE INVESTMENT TRUSTS"
"RYGYO","REAL ESTATE INVESTMENT TRUSTS"
"SEGYO","REAL ESTATE INVESTMENT TRUSTS"
"SRVGY","REAL ESTATE INVESTMENT TRUSTS"
"SNGYO","REAL ESTATE INVESTMENT TRUSTS"
"SURGY","REAL ESTATE INVESTMENT TRUSTS"
"TRGYO","REAL ESTATE INVESTMENT TRUSTS"
"TDGYO","REAL ESTATE INVESTMENT TRUSTS"
"TSGYO","REAL ESTATE INVESTMENT TRUSTS"
"VKGYO","REAL ESTATE INVESTMENT TRUSTS"
"VRGYO","REAL ESTATE INVESTMENT TRUSTS"
"YGGYO","REAL ESTATE INVESTMENT TRUSTS"
"YGYO","REAL ESTATE INVESTMENT TRUSTS"
"ZRGYO","REAL ESTATE INVESTMENT TRUSTS"
"ATLAS","INVESTMENT TRUSTS"
"EUKYO","INVESTMENT TRUSTS"
"EUYO","INVESTMENT TRUSTS"
"ETYAT","INVESTMENT TRUSTS"
"GRNYO","INVESTMENT TRUSTS"
"ISYAT","INVESTMENT TRUSTS"
"MTRYO","INVESTMENT TRUSTS"
"OYAYO","INVESTMENT TRUSTS"
"VKFYO","INVESTMENT TRUSTS"
"GOZDE","VENTURE CAPITAL INVESTMENT TRUSTS"
"HDFGS","VENTURE CAPITAL INVESTMENT TRUSTS"
"HUBVC","VENTURE CAPITAL INVESTMENT TRUSTS"
"ICUGS","VENTURE CAPITAL INVESTMENT TRUSTS"
"ISGSY","VENTURE CAPITAL INVESTMENT TRUSTS"
"PRDGS","VENTURE CAPITAL INVESTMENT TRUSTS"
"VERTU","VENTURE CAPITAL INVESTMENT TRUSTS"
"MACKO","SPORTS ENTERTAINMENT AND RECREATIONAL SERVICES"
"LKMNH","HUMAN HEALTH AND SOCIAL WORK ACTIVITIES"
"MPARK","HUMAN HEALTH AND SOCIAL WORK ACTIVITIES"
"EGEPO","HUMAN HEALTH AND SOCIAL WORK ACTIVITIES"
"TNZTP","HUMAN HEALTH AND SOCIAL WORK ACTIVITIES"
"BJKAS","SPORTS ACTIVITIES, AMUSEMENT AND RECREATION ACTIVITIES"
"FENER","SPORTS ACTIVITIES, AMUSEMENT AND RECREATION ACTIVITIES"
"GSRAY","SPORTS ACTIVITIES, AMUSEMENT AND RECREATION ACTIVITIES"
"TSPOR","SPORTS ACTIVITIES, AMUSEMENT AND RECREATION ACTIVITIES"
"ALCTL","INFORMATION TECHNOLOGY"
"ARDYZ","INFORMATION TECHNOLOGY"
"ARENA","INFORMATION TECHNOLOGY"
"ATATP","INFORMATION TECHNOLOGY"
"AZTEK","INFORMATION TECHNOLOGY"
"BINBN","INFORMATION TECHNOLOGY"
"DGATE","INFORMATION TECHNOLOGY"
"DESPC","INFORMATION TECHNOLOGY"
"EDATA","INFORMATION TECHNOLOGY"
"ESCOM","INFORMATION TECHNOLOGY"
"FONET","INFORMATION TECHNOLOGY"
"FORTE","INFORMATION TECHNOLOGY"
"HTTBT","INFORMATION TECHNOLOGY"
"INDES","INFORMATION TECHNOLOGY"
"INGRM","INFORMATION TECHNOLOGY"
"INTEK","INFORMATION TECHNOLOGY"
"KFEIN","INFORMATION TECHNOLOGY"
"KAREL","INFORMATION TECHNOLOGY"
"KRONT","INFORMATION TECHNOLOGY"
"LINK","INFORMATION TECHNOLOGY"
"LOGO","INFORMATION TECHNOLOGY"
"MANAS","INFORMATION TECHNOLOGY"
"MTRKS","INFORMATION TECHNOLOGY"
"MIATK","INFORMATION TECHNOLOGY"
"MOBTL","INFORMATION TECHNOLOGY"
"NETAS","INFORMATION TECHNOLOGY"
"OBASE","INFORMATION TECHNOLOGY"
"ODINE","INFORMATION TECHNOLOGY"
"PAPIL","INFORMATION TECHNOLOGY"
"PATEK","INFORMATION TECHNOLOGY"
"PENTA","INFORMATION TECHNOLOGY"
"PKART","INFORMATION TECHNOLOGY"
"REEDR","INFORMATION TECHNOLOGY"
"SMART","INFORMATION TECHNOLOGY"
"VBTYZ","INFORMATION TECHNOLOGY"
"ALTNY","DEFENSE"
"ASELS","DEFENSE"
"ONRYT","DEFENSE"
"SDTTR","DEFENSE"
"SKYLP","LEGAL AND ACCOUNTING ACTIVITIES"
"KONTR","ARCHITECTURAL AND ENGINEERING ACTIVITIES; TECHNICAL TESTING AND ANALYSIS"
"YEOTK","ARCHITECTURAL AND ENGINEERING ACTIVITIES; TECHNICAL TESTING AND ANALYSIS"
"PCILT","ADVERTISING AND MARKET RESEARCH"
"BORLS","RENTAL AND LEASING ACTIVITIES"
"ESCAR","RENTAL AND LEASING ACTIVITIES"
"LIDER","RENTAL AND LEASING ACTIVITIES"
"PLTUR","RENTAL AND LEASING ACTIVITIES"
"GZNMI","TRAVEL AGENCY, TOUR OPERATOR, RESERVATION SERVICE AND RELATED ACTIVITIES"
"SNKRN","SECURITY AND INVESTIGATION ACTIVITIES"
"CEOEM","OFFICE ADMINISTRATIVE, OFFICE SUPPORT AND OTHER BUSINESS SUPPORT ACTIVITIES"
"FLAP","OFFICE ADMINISTRATIVE, OFFICE SUPPORT AND OTHER BUSINESS SUPPORT ACTIVITIES"
"ADESE","REAL ESTATE ACTIVITIES"
"IHLGM","REAL ESTATE ACTIVITIES"
"RGYAS","REAL ESTATE ACTIVITIES"
"SONME","REAL ESTATE ACTIVITIES"
"AYCES","ACCOMODATION"
"AVTUR","ACCOMODATION"
"KSTUR","ACCOMODATION"
"MAALT","ACCOMODATION"
"MARTI","ACCOMODATION"
"MERIT","ACCOMODATION"
"PKENT","ACCOMODATION"
"TEKTU","ACCOMODATION"
"ULAS","ACCOMODATION"
"BYDNR","FOOD AND BEVERAGE SERVICES"
"BIGCH","FOOD AND BEVERAGE SERVICES"
"DOCO","FOOD AND BEVERAGE SERVICES"
"ETILR","FOOD AND BEVERAGE SERVICES"
"TABGD","FOOD AND BEVERAGE SERVICES"
"IHAAS","INFORMATION SERVICE ACTIVITIES"
"DOBUR","PUBLISHING ACTIVITIES"
"HURGZ","PUBLISHING ACTIVITIES"
"IHGZT","PUBLISHING ACTIVITIES"
"TCELL","TELECOMMUNICATIONS"
"TTKOM","TELECOMMUNICATIONS"
